Escola;Login;Senha
CETI ARMANDO BURLAMAQUI;22080392;22080392
CETI CLEMENTINO MARTINS;22083065;22083065
CETI DESEMBARGADOR PEDRO SÁ;22080333;22080333
CETI DOM EDILBERTO DINKELBORG;22083480;22083480
CETI DOUTOR JOSÉ DE MOURA FÉ;22088024;22088024
CETI DOUTOR JOSÉ GUSMÃO;22078096;22078096
CETI ESCOLA FAMÍLIA AGRÍCOLA DOM EDILBERTO - DONA JANDIRA NUNES MARTINS - EFADE VII;22141723;22141723
CETI ESCOLA FAMÍLIA AGRÍCOLA DOM EDILBERTO II;22124586;22124586
CETI ESCOLA FAMÍLIA AGRÍCOLA DOM EDILBERTO III;22134018;22134018
CETI ESCOLA FAMÍLIA AGRÍCOLA DOM EDILBERTO IV;22136045;22136045
CETI ESCOLA FAMÍLIA AGRÍCOLA DOM EDILBERTO V;22155406;22155406
CETI FARMACÊUTICO JOÃO CARVALHO;22080449;22080449
CETI FRANCIVAL RODRIGUES DO NASCIMENTO;22136886;22136886
CETI JOÃO DE SOUSA MOURA;22099476;22099476
CETI MIGUEL MARINHO;22061258;22061258
CETI ORLANDO CARVALHO;22080481;22080481
CETI ROCHA NETO;22133968;22133968
CETI SEVERO MARIA EULÁLIO;22083022;22083022
CETI SÃO JOÃO BATISTA;22134050;22134050
CETI SÃO SEBASTIÃO;22083510;22083510
CETI WILSON NUNES MARTINS FILHO;22223606;22223606
