Série;Disciplina;INEP;Escola;Município;Previstos;Presentes;Avaliados;Participação(%);Proficiência;Abaixo do básico;Básico;Adequado;Avançado
1ª Série;Língua Portuguesa;22134018;CETI ESCOLA FAMÍLIA AGRÍCOLA DOM EDILBERTO III;CAJAZEIRAS DO PIAUI;19;13;13;68.0;209.0;62.0;38.0;0.0;0.0
1ª Série;Língua Portuguesa;22136886;CETI FRANCIVAL RODRIGUES DO NASCIMENTO;CAJAZEIRAS DO PIAUI;20;20;20;100.0;233.0;50.0;30.0;15.0;5.0
1ª Série;Língua Portuguesa;22088024;CETI DOUTOR JOSÉ DE MOURA FÉ;CAMPINAS DO PIAUI;56;52;52;93.0;236.0;42.0;37.0;19.0;2.0
1ª Série;Língua Portuguesa;22078096;CETI DOUTOR JOSÉ GUSMÃO;COLONIA DO PIAUI;72;64;64;89.0;253.0;28.0;34.0;34.0;3.0
1ª Série;Língua Portuguesa;22223606;CETI WILSON NUNES MARTINS FILHO;FLORESTA DO PIAUI;34;31;31;91.0;253.0;26.0;32.0;39.0;3.0
1ª Série;Língua Portuguesa;22133682;CETI LUIZ UBIRACI DE CARVALHO;ISAIAS COELHO;109;101;100;93.0;220.0;50.0;40.0;8.0;2.0
1ª Série;Língua Portuguesa;22080392;CETI ARMANDO BURLAMAQUI;OEIRAS;45;36;36;80.0;243.0;42.0;33.0;22.0;3.0
1ª Série;Língua Portuguesa;22080422;CETI COSTA ALVARENGA;OEIRAS;56;34;34;61.0;235.0;41.0;35.0;24.0;0.0
1ª Série;Língua Portuguesa;22080333;CETI DESEMBARGADOR PEDRO SÁ;OEIRAS;140;121;121;86.0;259.0;21.0;36.0;40.0;4.0
1ª Série;Língua Portuguesa;22136045;CETI ESCOLA FAMÍLIA AGRÍCOLA DOM EDILBERTO IV;OEIRAS;34;29;29;85.0;218.0;59.0;24.0;17.0;0.0
1ª Série;Língua Portuguesa;22080449;CETI FARMACÊUTICO JOÃO CARVALHO;OEIRAS;81;74;72;91.0;252.0;33.0;33.0;25.0;8.0
1ª Série;Língua Portuguesa;22080481;CETI ORLANDO CARVALHO;OEIRAS;48;43;43;90.0;236.0;44.0;44.0;7.0;5.0
1ª Série;Língua Portuguesa;22111891;CETI PROFESSOR BALDUÍNO BARBOSA DE DEUS;OEIRAS;23;17;17;74.0;249.0;41.0;24.0;24.0;12.0
1ª Série;Língua Portuguesa;22133968;CETI ROCHA NETO;OEIRAS;94;76;74;81.0;258.0;27.0;24.0;39.0;9.0
1ª Série;Língua Portuguesa;22083480;CETI DOM EDILBERTO DINKELBORG;SANTA ROSA DO PIAUI;70;55;55;79.0;215.0;58.0;25.0;15.0;2.0
1ª Série;Língua Portuguesa;22155406;CETI ESCOLA FAMÍLIA AGRÍCOLA DOM EDILBERTO V;SANTO INACIO DO PIAUI;33;26;26;79.0;222.0;54.0;38.0;8.0;0.0
1ª Série;Língua Portuguesa;22099476;CETI JOÃO DE SOUSA MOURA;SANTO INACIO DO PIAUI;37;37;37;100.0;267.0;24.0;24.0;41.0;11.0
1ª Série;Língua Portuguesa;22124586;CETI ESCOLA FAMÍLIA AGRÍCOLA DOM EDILBERTO II;SAO JOAO DA VARJOTA;21;17;17;81.0;212.0;59.0;29.0;12.0;0.0
1ª Série;Língua Portuguesa;22134050;CETI SÃO JOÃO BATISTA;SAO JOAO DA VARJOTA;46;47;47;100.0;253.0;21.0;53.0;19.0;6.0
1ª Série;Língua Portuguesa;22061258;CETI MIGUEL MARINHO;SAO MIGUEL DO FIDALGO;26;25;25;96.0;261.0;32.0;24.0;36.0;8.0
1ª Série;Língua Portuguesa;22083510;CETI SÃO SEBASTIÃO;TANQUE DO PIAUI;49;46;46;94.0;246.0;22.0;54.0;24.0;0.0
3ª Série;Matemática;22134018;CETI ESCOLA FAMÍLIA AGRÍCOLA DOM EDILBERTO III;CAJAZEIRAS DO PIAUI;10;10;10;100.0;244.0;50.0;50.0;0.0;0.0
3ª Série;Matemática;22136886;CETI FRANCIVAL RODRIGUES DO NASCIMENTO;CAJAZEIRAS DO PIAUI;20;20;20;100.0;249.0;50.0;45.0;5.0;0.0
3ª Série;Matemática;22088024;CETI DOUTOR JOSÉ DE MOURA FÉ;CAMPINAS DO PIAUI;30;26;26;87.0;252.0;54.0;38.0;8.0;0.0
3ª Série;Matemática;22078096;CETI DOUTOR JOSÉ GUSMÃO;COLONIA DO PIAUI;50;48;48;96.0;275.0;40.0;25.0;33.0;2.0
3ª Série;Matemática;22223606;CETI WILSON NUNES MARTINS FILHO;FLORESTA DO PIAUI;32;31;31;97.0;295.0;19.0;29.0;45.0;6.0
3ª Série;Matemática;22133682;CETI LUIZ UBIRACI DE CARVALHO;ISAIAS COELHO;90;88;88;98.0;249.0;55.0;28.0;17.0;0.0
3ª Série;Matemática;22080392;CETI ARMANDO BURLAMAQUI;OEIRAS;44;40;40;91.0;246.0;57.0;33.0;8.0;3.0
3ª Série;Matemática;22080422;CETI COSTA ALVARENGA;OEIRAS;23;22;22;96.0;263.0;50.0;18.0;23.0;9.0
3ª Série;Matemática;22080333;CETI DESEMBARGADOR PEDRO SÁ;OEIRAS;78;75;75;96.0;322.0;8.0;28.0;31.0;33.0
3ª Série;Matemática;22136045;CETI ESCOLA FAMÍLIA AGRÍCOLA DOM EDILBERTO IV;OEIRAS;21;18;18;86.0;240.0;50.0;50.0;0.0;0.0
3ª Série;Matemática;22080449;CETI FARMACÊUTICO JOÃO CARVALHO;OEIRAS;52;49;49;94.0;272.0;39.0;33.0;24.0;4.0
3ª Série;Matemática;22080481;CETI ORLANDO CARVALHO;OEIRAS;36;34;34;94.0;273.0;32.0;35.0;32.0;0.0
3ª Série;Matemática;22111891;CETI PROFESSOR BALDUÍNO BARBOSA DE DEUS;OEIRAS;17;17;17;100.0;258.0;53.0;29.0;12.0;6.0
3ª Série;Matemática;22133968;CETI ROCHA NETO;OEIRAS;60;56;56;93.0;262.0;50.0;27.0;20.0;4.0
3ª Série;Matemática;22083480;CETI DOM EDILBERTO DINKELBORG;SANTA ROSA DO PIAUI;57;54;54;95.0;275.0;39.0;33.0;13.0;15.0
3ª Série;Matemática;22155406;CETI ESCOLA FAMÍLIA AGRÍCOLA DOM EDILBERTO V;SANTO INACIO DO PIAUI;12;10;10;83.0;268.0;30.0;40.0;30.0;0.0
3ª Série;Matemática;22099476;CETI JOÃO DE SOUSA MOURA;SANTO INACIO DO PIAUI;26;27;27;100.0;289.0;33.0;26.0;26.0;15.0
3ª Série;Matemática;22124586;CETI ESCOLA FAMÍLIA AGRÍCOLA DOM EDILBERTO II;SAO JOAO DA VARJOTA;11;10;10;91.0;239.0;80.0;10.0;10.0;0.0
3ª Série;Matemática;22134050;CETI SÃO JOÃO BATISTA;SAO JOAO DA VARJOTA;44;42;42;95.0;246.0;67.0;21.0;12.0;0.0
3ª Série;Matemática;22061258;CETI MIGUEL MARINHO;SAO MIGUEL DO FIDALGO;25;25;25;100.0;291.0;20.0;32.0;44.0;4.0
3ª Série;Matemática;22083510;CETI SÃO SEBASTIÃO;TANQUE DO PIAUI;26;26;26;100.0;340.0;4.0;15.0;38.0;42.0
3ª Série;Língua Portuguesa;22134018;CETI ESCOLA FAMÍLIA AGRÍCOLA DOM EDILBERTO III;CAJAZEIRAS DO PIAUI;10;10;10;100.0;236.0;40.0;50.0;10.0;0.0
3ª Série;Língua Portuguesa;22136886;CETI FRANCIVAL RODRIGUES DO NASCIMENTO;CAJAZEIRAS DO PIAUI;20;20;20;100.0;271.0;15.0;30.0;50.0;5.0
3ª Série;Língua Portuguesa;22088024;CETI DOUTOR JOSÉ DE MOURA FÉ;CAMPINAS DO PIAUI;30;26;26;87.0;273.0;15.0;31.0;42.0;12.0
3ª Série;Língua Portuguesa;22078096;CETI DOUTOR JOSÉ GUSMÃO;COLONIA DO PIAUI;50;48;48;96.0;274.0;17.0;42.0;27.0;15.0
3ª Série;Língua Portuguesa;22223606;CETI WILSON NUNES MARTINS FILHO;FLORESTA DO PIAUI;32;31;31;97.0;298.0;3.0;26.0;45.0;26.0
3ª Série;Língua Portuguesa;22133682;CETI LUIZ UBIRACI DE CARVALHO;ISAIAS COELHO;90;88;88;98.0;256.0;28.0;33.0;28.0;10.0
3ª Série;Língua Portuguesa;22080392;CETI ARMANDO BURLAMAQUI;OEIRAS;44;40;40;91.0;245.0;30.0;50.0;18.0;3.0
3ª Série;Língua Portuguesa;22080422;CETI COSTA ALVARENGA;OEIRAS;23;22;22;96.0;266.0;27.0;27.0;18.0;27.0
3ª Série;Língua Portuguesa;22080333;CETI DESEMBARGADOR PEDRO SÁ;OEIRAS;78;75;75;96.0;291.0;8.0;28.0;44.0;20.0
3ª Série;Língua Portuguesa;22136045;CETI ESCOLA FAMÍLIA AGRÍCOLA DOM EDILBERTO IV;OEIRAS;21;18;18;86.0;235.0;50.0;22.0;28.0;0.0
3ª Série;Língua Portuguesa;22080449;CETI FARMACÊUTICO JOÃO CARVALHO;OEIRAS;52;49;49;94.0;273.0;14.0;37.0;43.0;6.0
3ª Série;Língua Portuguesa;22080481;CETI ORLANDO CARVALHO;OEIRAS;36;34;34;94.0;260.0;26.0;35.0;29.0;9.0
3ª Série;Língua Portuguesa;22111891;CETI PROFESSOR BALDUÍNO BARBOSA DE DEUS;OEIRAS;17;17;17;100.0;251.0;29.0;29.0;41.0;0.0
3ª Série;Língua Portuguesa;22133968;CETI ROCHA NETO;OEIRAS;60;56;56;93.0;277.0;11.0;38.0;38.0;14.0
3ª Série;Língua Portuguesa;22083480;CETI DOM EDILBERTO DINKELBORG;SANTA ROSA DO PIAUI;57;54;54;95.0;268.0;17.0;33.0;43.0;7.0
3ª Série;Língua Portuguesa;22155406;CETI ESCOLA FAMÍLIA AGRÍCOLA DOM EDILBERTO V;SANTO INACIO DO PIAUI;12;10;10;83.0;258.0;40.0;30.0;30.0;0.0
3ª Série;Língua Portuguesa;22099476;CETI JOÃO DE SOUSA MOURA;SANTO INACIO DO PIAUI;26;27;27;100.0;299.0;0.0;30.0;41.0;30.0
3ª Série;Língua Portuguesa;22124586;CETI ESCOLA FAMÍLIA AGRÍCOLA DOM EDILBERTO II;SAO JOAO DA VARJOTA;11;10;10;91.0;210.0;70.0;30.0;0.0;0.0
3ª Série;Língua Portuguesa;22134050;CETI SÃO JOÃO BATISTA;SAO JOAO DA VARJOTA;44;42;42;95.0;258.0;19.0;43.0;36.0;2.0
3ª Série;Língua Portuguesa;22061258;CETI MIGUEL MARINHO;SAO MIGUEL DO FIDALGO;25;25;25;100.0;299.0;4.0;28.0;36.0;32.0
3ª Série;Língua Portuguesa;22083510;CETI SÃO SEBASTIÃO;TANQUE DO PIAUI;26;26;26;100.0;313.0;0.0;15.0;46.0;38.0
2ª Série;Língua Portuguesa;22134018;CETI ESCOLA FAMÍLIA AGRÍCOLA DOM EDILBERTO III;CAJAZEIRAS DO PIAUI;17;17;17;100.0;238.0;41.0;35.0;24.0;0.0
2ª Série;Língua Portuguesa;22136886;CETI FRANCIVAL RODRIGUES DO NASCIMENTO;CAJAZEIRAS DO PIAUI;22;24;24;100.0;253.0;17.0;50.0;29.0;4.0
2ª Série;Língua Portuguesa;22088024;CETI DOUTOR JOSÉ DE MOURA FÉ;CAMPINAS DO PIAUI;48;42;42;88.0;243.0;26.0;60.0;14.0;0.0
2ª Série;Língua Portuguesa;22078096;CETI DOUTOR JOSÉ GUSMÃO;COLONIA DO PIAUI;67;59;59;88.0;259.0;25.0;31.0;32.0;12.0
2ª Série;Língua Portuguesa;22223606;CETI WILSON NUNES MARTINS FILHO;FLORESTA DO PIAUI;30;29;29;97.0;275.0;14.0;38.0;41.0;7.0
2ª Série;Língua Portuguesa;22133682;CETI LUIZ UBIRACI DE CARVALHO;ISAIAS COELHO;81;70;70;86.0;235.0;46.0;34.0;16.0;4.0
2ª Série;Língua Portuguesa;22080392;CETI ARMANDO BURLAMAQUI;OEIRAS;33;32;32;97.0;252.0;25.0;47.0;25.0;3.0
2ª Série;Língua Portuguesa;22080422;CETI COSTA ALVARENGA;OEIRAS;69;53;52;77.0;212.0;63.0;23.0;12.0;2.0
2ª Série;Língua Portuguesa;22080333;CETI DESEMBARGADOR PEDRO SÁ;OEIRAS;129;112;112;87.0;259.0;24.0;30.0;40.0;5.0
2ª Série;Língua Portuguesa;22136045;CETI ESCOLA FAMÍLIA AGRÍCOLA DOM EDILBERTO IV;OEIRAS;31;26;26;84.0;240.0;42.0;38.0;19.0;0.0
2ª Série;Língua Portuguesa;22080449;CETI FARMACÊUTICO JOÃO CARVALHO;OEIRAS;69;65;65;94.0;273.0;15.0;32.0;45.0;8.0
2ª Série;Língua Portuguesa;22080481;CETI ORLANDO CARVALHO;OEIRAS;43;39;39;91.0;252.0;31.0;38.0;31.0;0.0
2ª Série;Língua Portuguesa;22111891;CETI PROFESSOR BALDUÍNO BARBOSA DE DEUS;OEIRAS;17;13;13;76.0;253.0;23.0;46.0;31.0;0.0
2ª Série;Língua Portuguesa;22133968;CETI ROCHA NETO;OEIRAS;90;81;81;90.0;270.0;16.0;37.0;38.0;9.0
2ª Série;Língua Portuguesa;22083480;CETI DOM EDILBERTO DINKELBORG;SANTA ROSA DO PIAUI;56;43;43;77.0;217.0;58.0;23.0;19.0;0.0
2ª Série;Língua Portuguesa;22155406;CETI ESCOLA FAMÍLIA AGRÍCOLA DOM EDILBERTO V;SANTO INACIO DO PIAUI;18;18;18;100.0;248.0;44.0;28.0;22.0;6.0
2ª Série;Língua Portuguesa;22099476;CETI JOÃO DE SOUSA MOURA;SANTO INACIO DO PIAUI;40;39;39;98.0;280.0;8.0;41.0;36.0;15.0
2ª Série;Língua Portuguesa;22124586;CETI ESCOLA FAMÍLIA AGRÍCOLA DOM EDILBERTO II;SAO JOAO DA VARJOTA;17;14;14;82.0;197.0;79.0;14.0;7.0;0.0
2ª Série;Língua Portuguesa;22134050;CETI SÃO JOÃO BATISTA;SAO JOAO DA VARJOTA;41;39;39;95.0;250.0;33.0;33.0;26.0;8.0
2ª Série;Língua Portuguesa;22061258;CETI MIGUEL MARINHO;SAO MIGUEL DO FIDALGO;32;32;32;100.0;273.0;16.0;38.0;34.0;13.0
2ª Série;Língua Portuguesa;22083510;CETI SÃO SEBASTIÃO;TANQUE DO PIAUI;22;21;21;95.0;297.0;5.0;24.0;52.0;19.0
2ª Série;Matemática;22134018;CETI ESCOLA FAMÍLIA AGRÍCOLA DOM EDILBERTO III;CAJAZEIRAS DO PIAUI;17;17;17;100.0;238.0;65.0;29.0;0.0;6.0
2ª Série;Matemática;22136886;CETI FRANCIVAL RODRIGUES DO NASCIMENTO;CAJAZEIRAS DO PIAUI;22;24;24;100.0;229.0;71.0;29.0;0.0;0.0
2ª Série;Matemática;22088024;CETI DOUTOR JOSÉ DE MOURA FÉ;CAMPINAS DO PIAUI;48;42;42;88.0;239.0;67.0;24.0;10.0;0.0
2ª Série;Matemática;22078096;CETI DOUTOR JOSÉ GUSMÃO;COLONIA DO PIAUI;67;59;59;88.0;253.0;61.0;19.0;19.0;2.0
2ª Série;Matemática;22223606;CETI WILSON NUNES MARTINS FILHO;FLORESTA DO PIAUI;30;29;29;97.0;261.0;48.0;31.0;17.0;3.0
2ª Série;Matemática;22133682;CETI LUIZ UBIRACI DE CARVALHO;ISAIAS COELHO;81;70;70;86.0;236.0;66.0;29.0;6.0;0.0
2ª Série;Matemática;22080392;CETI ARMANDO BURLAMAQUI;OEIRAS;33;32;32;97.0;250.0;50.0;38.0;13.0;0.0
2ª Série;Matemática;22080422;CETI COSTA ALVARENGA;OEIRAS;69;53;52;77.0;230.0;71.0;21.0;8.0;0.0
2ª Série;Matemática;22080333;CETI DESEMBARGADOR PEDRO SÁ;OEIRAS;129;112;112;87.0;269.0;37.0;41.0;18.0;4.0
2ª Série;Matemática;22136045;CETI ESCOLA FAMÍLIA AGRÍCOLA DOM EDILBERTO IV;OEIRAS;31;26;26;84.0;236.0;69.0;31.0;0.0;0.0
2ª Série;Matemática;22080449;CETI FARMACÊUTICO JOÃO CARVALHO;OEIRAS;69;65;65;94.0;261.0;48.0;34.0;14.0;5.0
2ª Série;Matemática;22080481;CETI ORLANDO CARVALHO;OEIRAS;43;39;39;91.0;253.0;51.0;36.0;10.0;3.0
2ª Série;Matemática;22111891;CETI PROFESSOR BALDUÍNO BARBOSA DE DEUS;OEIRAS;17;13;13;76.0;234.0;77.0;15.0;8.0;0.0
2ª Série;Matemática;22133968;CETI ROCHA NETO;OEIRAS;90;81;81;90.0;271.0;40.0;35.0;22.0;4.0
2ª Série;Matemática;22083480;CETI DOM EDILBERTO DINKELBORG;SANTA ROSA DO PIAUI;56;43;43;77.0;243.0;58.0;33.0;9.0;0.0
2ª Série;Matemática;22155406;CETI ESCOLA FAMÍLIA AGRÍCOLA DOM EDILBERTO V;SANTO INACIO DO PIAUI;18;18;18;100.0;248.0;50.0;39.0;11.0;0.0
2ª Série;Matemática;22099476;CETI JOÃO DE SOUSA MOURA;SANTO INACIO DO PIAUI;40;39;39;98.0;249.0;56.0;36.0;3.0;5.0
2ª Série;Matemática;22124586;CETI ESCOLA FAMÍLIA AGRÍCOLA DOM EDILBERTO II;SAO JOAO DA VARJOTA;17;14;14;82.0;221.0;86.0;14.0;0.0;0.0
2ª Série;Matemática;22134050;CETI SÃO JOÃO BATISTA;SAO JOAO DA VARJOTA;41;39;39;95.0;246.0;56.0;33.0;5.0;5.0
2ª Série;Matemática;22061258;CETI MIGUEL MARINHO;SAO MIGUEL DO FIDALGO;32;32;32;100.0;277.0;31.0;38.0;28.0;3.0
2ª Série;Matemática;22083510;CETI SÃO SEBASTIÃO;TANQUE DO PIAUI;22;21;21;95.0;302.0;24.0;14.0;43.0;19.0
1ª Série;Matemática;22134018;CETI ESCOLA FAMÍLIA AGRÍCOLA DOM EDILBERTO III;CAJAZEIRAS DO PIAUI;19;13;13;68.0;236.0;77.0;15.0;8.0;0.0
1ª Série;Matemática;22136886;CETI FRANCIVAL RODRIGUES DO NASCIMENTO;CAJAZEIRAS DO PIAUI;20;20;20;100.0;234.0;80.0;15.0;5.0;0.0
1ª Série;Matemática;22088024;CETI DOUTOR JOSÉ DE MOURA FÉ;CAMPINAS DO PIAUI;56;52;52;93.0;236.0;65.0;27.0;8.0;0.0
1ª Série;Matemática;22078096;CETI DOUTOR JOSÉ GUSMÃO;COLONIA DO PIAUI;72;64;64;89.0;251.0;58.0;28.0;11.0;3.0
1ª Série;Matemática;22223606;CETI WILSON NUNES MARTINS FILHO;FLORESTA DO PIAUI;34;31;31;91.0;248.0;52.0;39.0;10.0;0.0
1ª Série;Matemática;22133682;CETI LUIZ UBIRACI DE CARVALHO;ISAIAS COELHO;109;101;100;93.0;226.0;79.0;17.0;4.0;0.0
1ª Série;Matemática;22080392;CETI ARMANDO BURLAMAQUI;OEIRAS;45;36;36;80.0;256.0;58.0;19.0;14.0;8.0
1ª Série;Matemática;22080422;CETI COSTA ALVARENGA;OEIRAS;56;34;34;61.0;261.0;59.0;15.0;3.0;24.0
1ª Série;Matemática;22080333;CETI DESEMBARGADOR PEDRO SÁ;OEIRAS;140;121;121;86.0;263.0;45.0;26.0;20.0;8.0
1ª Série;Matemática;22136045;CETI ESCOLA FAMÍLIA AGRÍCOLA DOM EDILBERTO IV;OEIRAS;34;29;29;85.0;240.0;62.0;31.0;7.0;0.0
1ª Série;Matemática;22080449;CETI FARMACÊUTICO JOÃO CARVALHO;OEIRAS;81;74;74;91.0;262.0;45.0;31.0;20.0;4.0
1ª Série;Matemática;22080481;CETI ORLANDO CARVALHO;OEIRAS;48;43;43;90.0;252.0;67.0;9.0;19.0;5.0
1ª Série;Matemática;22111891;CETI PROFESSOR BALDUÍNO BARBOSA DE DEUS;OEIRAS;23;17;17;74.0;250.0;65.0;24.0;6.0;6.0
1ª Série;Matemática;22133968;CETI ROCHA NETO;OEIRAS;94;76;75;81.0;258.0;49.0;28.0;23.0;0.0
1ª Série;Matemática;22083480;CETI DOM EDILBERTO DINKELBORG;SANTA ROSA DO PIAUI;70;55;55;79.0;244.0;67.0;15.0;13.0;5.0
1ª Série;Matemática;22155406;CETI ESCOLA FAMÍLIA AGRÍCOLA DOM EDILBERTO V;SANTO INACIO DO PIAUI;33;26;26;79.0;220.0;88.0;12.0;0.0;0.0
1ª Série;Matemática;22099476;CETI JOÃO DE SOUSA MOURA;SANTO INACIO DO PIAUI;37;37;37;100.0;247.0;57.0;30.0;14.0;0.0
1ª Série;Matemática;22124586;CETI ESCOLA FAMÍLIA AGRÍCOLA DOM EDILBERTO II;SAO JOAO DA VARJOTA;21;17;17;81.0;238.0;53.0;47.0;0.0;0.0
1ª Série;Matemática;22134050;CETI SÃO JOÃO BATISTA;SAO JOAO DA VARJOTA;46;47;47;100.0;239.0;74.0;17.0;9.0;0.0
1ª Série;Matemática;22061258;CETI MIGUEL MARINHO;SAO MIGUEL DO FIDALGO;26;25;25;96.0;252.0;60.0;16.0;16.0;8.0
1ª Série;Matemática;22083510;CETI SÃO SEBASTIÃO;TANQUE DO PIAUI;49;46;46;94.0;244.0;63.0;28.0;7.0;2.0
9º Ano;Língua Portuguesa;22134018;CETI ESCOLA FAMÍLIA AGRÍCOLA DOM EDILBERTO III;CAJAZEIRAS DO PIAUI;12;12;11;100.0;198.0;55.0;27.0;18.0;0.0
9º Ano;Língua Portuguesa;22155406;CETI ESCOLA FAMÍLIA AGRÍCOLA DOM EDILBERTO V;SANTO INACIO DO PIAUI;18;15;15;83.0;215.0;47.0;27.0;27.0;0.0
9º Ano;Língua Portuguesa;22124586;CETI ESCOLA FAMÍLIA AGRÍCOLA DOM EDILBERTO II;SAO JOAO DA VARJOTA;12;13;13;100.0;228.0;23.0;46.0;23.0;8.0
9º Ano;Matemática;22134018;CETI ESCOLA FAMÍLIA AGRÍCOLA DOM EDILBERTO III;CAJAZEIRAS DO PIAUI;12;12;11;100.0;214.0;73.0;27.0;0.0;0.0
9º Ano;Matemática;22155406;CETI ESCOLA FAMÍLIA AGRÍCOLA DOM EDILBERTO V;SANTO INACIO DO PIAUI;18;15;15;83.0;216.0;67.0;27.0;7.0;0.0
9º Ano;Matemática;22124586;CETI ESCOLA FAMÍLIA AGRÍCOLA DOM EDILBERTO II;SAO JOAO DA VARJOTA;12;13;13;100.0;231.0;46.0;38.0;8.0;8.0
