instrumento;aplicacao;serie;disciplina;questao;codigo_v7;codigo_v8;descritor_imagem;descricao_v8;arquivo;pagina
Minitestes;1;9º Ano;Língua Portuguesa;4;D12;D13;D13;IDENTIFICAR AS MARCAS LINGUÍSTICAS QUE EVIDENCIAM O LOCUTOR E O INTERLOCUTOR DE UM TEXTO.;1º MINITESTE - LP - 9º ANO EF - COMENTADO.pdf;2
Minitestes;1;9º Ano;Língua Portuguesa;11;D6;D12;D12;IDENTIFICAR A FINALIDADE DE TEXTOS DE DIFERENTES GÊNEROS.;1º MINITESTE - LP - 9º ANO EF - COMENTADO.pdf;5
Minitestes;1;1ª Série;Língua Portuguesa;5;D18;D04;D04;INFERIR UMA INFORMAÇÃO IMPLÍCITA EM UM TEXTO.;1º MINITESTE - LP - 1ª SÉRIE EM - COMENTADO.pdf;3
Minitestes;1;1ª Série;Língua Portuguesa;11;D6;D13;D13;IDENTIFICAR AS MARCAS LINGUÍSTICAS QUE EVIDENCIAM O LOCUTOR E O INTERLOCUTOR DE UM TEXTO.;1º MINITESTE - LP - 1ª SÉRIE EM - COMENTADO.pdf;6
Minitestes;1;2ª Série;Língua Portuguesa;11;D9;D05;D05;INTERPRETAR TEXTO COM AUXÍLIO DE MATERIAL GRÁFICO DIVERSO.;1º MINITESTE - LP - 2ª SÉRIE EM - COMENTADO.pdf;10
Minitestes;1;3ª Série;Língua Portuguesa;1;D1;D06;D06;IDENTIFICAR O TEMA DE UM TEXTO.;1º MINITESTE - LP - 3ª SÉRIE EM - COMENTADO.pdf;1
Minitestes;1;3ª Série;Língua Portuguesa;5;D2;D21;D21;RECONHECER POSIÇÕES DISTINTAS ENTRE DUAS OU MAIS OPINIÕES RELATIVAS AO MESMO FATO OU TEMA.;1º MINITESTE - LP - 3ª SÉRIE EM - COMENTADO.pdf;4
Minitestes;1;3ª Série;Língua Portuguesa;9;D3;D01;D01;LOCALIZAR INFORMAÇÕES EXPLÍCITAS EM UM TEXTO.;1º MINITESTE - LP - 3ª SÉRIE EM - COMENTADO.pdf;7
Minitestes;1;3ª Série;Língua Portuguesa;10;D3;D01;D01;LOCALIZAR INFORMAÇÕES EXPLÍCITAS EM UM TEXTO.;1º MINITESTE - LP - 3ª SÉRIE EM - COMENTADO.pdf;8
Minitestes;1;3ª Série;Língua Portuguesa;12;D3;D02;D02;ESTABELECER RELAÇÕES ENTRE PARTES DE UM TEXTO, IDENTIFICANDO REPETIÇÕES OU SUBSTITUIÇÕES.;1º MINITESTE - LP - 3ª SÉRIE EM - COMENTADO.pdf;9
Minitestes;2;9º Ano;Língua Portuguesa;3;D12;D13;D13;IDENTIFICAR AS MARCAS LINGUÍSTICAS QUE EVIDENCIAM O LOCUTOR E O INTERLOCUTOR DE UM TEXTO.;2º MINITESTE - LP - 9º ANO EF - COMENTADO.pdf;2
Minitestes;2;9º Ano;Língua Portuguesa;4;D12;D20;D20;RECONHECER DIFERENTES FORMAS DE TRATAR UMA INFORMAÇÃO NA COMPARAÇÃO DE TEXTOS.;2º MINITESTE - LP - 9º ANO EF - COMENTADO.pdf;3
Minitestes;2;9º Ano;Língua Portuguesa;5;D13;D04;D04;INFERIR UMA INFORMAÇÃO IMPLÍCITA EM UM TEXTO.;2º MINITESTE - LP - 9º ANO EF - COMENTADO.pdf;4
Minitestes;2;9º Ano;Língua Portuguesa;6;D13;D12;D12;IDENTIFICAR A FINALIDADE DE TEXTOS DE DIFERENTES GÊNEROS.;2º MINITESTE - LP - 9º ANO EF - COMENTADO.pdf;5
Minitestes;2;9º Ano;Língua Portuguesa;9;;D04;D04;INFERIR UMA INFORMAÇÃO IMPLÍCITA EM UM TEXTO.;2º MINITESTE - LP - 9º ANO EF - COMENTADO.pdf;7
Minitestes;2;9º Ano;Língua Portuguesa;10;;D12;D12;IDENTIFICAR A FINALIDADE DE TEXTOS DE DIFERENTES GÊNEROS.;2º MINITESTE - LP - 9º ANO EF - COMENTADO.pdf;8
Minitestes;2;9º Ano;Língua Portuguesa;11;;D13;D13;IDENTIFICAR AS MARCAS LINGUÍSTICAS QUE EVIDENCIAM O LOCUTOR E O INTERLOCUTOR DE UM TEXTO.;2º MINITESTE - LP - 9º ANO EF - COMENTADO.pdf;8
Minitestes;2;9º Ano;Língua Portuguesa;12;;D20;D20;RECONHECER DIFERENTES FORMAS DE TRATAR UMA INFORMAÇÃO NA COMPARAÇÃO DE TEXTOS.;2º MINITESTE - LP - 9º ANO EF - COMENTADO.pdf;9
Minitestes;2;9º Ano;Matemática;1;D17;D18 EF;D18;EFETUAR CÁLCULOS COM NÚMEROS INTEIROS ENVOLVENDO AS OPERAÇÕES.;2º MINITESTE - MAT - 9º ANO EF - COMENTADO.pdf;1
Minitestes;2;9º Ano;Matemática;2;D17;D18 EF;D18;EFETUAR CÁLCULOS COM NÚMEROS INTEIROS ENVOLVENDO AS OPERAÇÕES.;2º MINITESTE - MAT - 9º ANO EF - COMENTADO.pdf;1
Minitestes;2;9º Ano;Matemática;5;D18;D25 EF;D25;EFETUAR CÁLCULOS QUE ENVOLVAM OPERAÇÕES COM NÚMEROS RACIONAIS.;2º MINITESTE - MAT - 9º ANO EF - COMENTADO.pdf;3
Minitestes;2;9º Ano;Matemática;7;D21;D17 EF;D17;IDENTIFICAR A LOCALIZAÇÃO DE NÚMEROS RACIONAIS NA RETA NUMÉRICA.;2º MINITESTE - MAT - 9º ANO EF - COMENTADO.pdf;4
Minitestes;2;9º Ano;Matemática;8;D21;D17 EF;D17;IDENTIFICAR A LOCALIZAÇÃO DE NÚMEROS RACIONAIS NA RETA NUMÉRICA.;2º MINITESTE - MAT - 9º ANO EF - COMENTADO.pdf;5
Minitestes;2;1ª Série;Língua Portuguesa;3;D13;D17;D17;RECONHECER O EFEITO DE SENTIDO DECORRENTE DO USO DA PONTUAÇÃO E DA OUTRAS NOTAÇÕES.;2º MINITESTE - LP - 1ª SÉRIE EM - COMENTADO.pdf;2
Minitestes;2;1ª Série;Língua Portuguesa;4;D13;D17;D17;RECONHECER O EFEITO DE SENTIDO DECORRENTE DO USO DA PONTUAÇÃO E DA OUTRAS NOTAÇÕES.;2º MINITESTE - LP - 1ª SÉRIE EM - COMENTADO.pdf;3
Minitestes;2;1ª Série;Língua Portuguesa;5;D17;D19;D19;RECONHECER O EFEITO DE SENTIDO DECORRENTE DA EXPLORAÇÃO DE RECURSOS ORTOGRÁFICOS E/OU MORFOSSINTÁTICOS.;2º MINITESTE - LP - 1ª SÉRIE EM - COMENTADO.pdf;3
Minitestes;2;1ª Série;Língua Portuguesa;6;D17;D13;D13;IDENTIFICAR AS MARCAS LINGUÍSTICAS QUE EVIDENCIAM O LOCUTOR E O INTERLOCUTOR DE UM TEXTO.;2º MINITESTE - LP - 1ª SÉRIE EM - COMENTADO.pdf;4
Minitestes;2;1ª Série;Língua Portuguesa;7;D17;D13;D13;IDENTIFICAR AS MARCAS LINGUÍSTICAS QUE EVIDENCIAM O LOCUTOR E O INTERLOCUTOR DE UM TEXTO.;2º MINITESTE - LP - 1ª SÉRIE EM - COMENTADO.pdf;5
Minitestes;2;1ª Série;Língua Portuguesa;9;D19;D17;D17;RECONHECER O EFEITO DE SENTIDO DECORRENTE DO USO DA PONTUAÇÃO E DA OUTRAS NOTAÇÕES.;2º MINITESTE - LP - 1ª SÉRIE EM - COMENTADO.pdf;6
Minitestes;2;1ª Série;Língua Portuguesa;10;D19;D20;D20;RECONHECER DIFERENTES FORMAS DE TRATAR UMA INFORMAÇÃO NA COMPARAÇÃO DE TEXTOS.;2º MINITESTE - LP - 1ª SÉRIE EM - COMENTADO.pdf;7
Minitestes;2;1ª Série;Língua Portuguesa;11;D19;D13;D13;IDENTIFICAR AS MARCAS LINGUÍSTICAS QUE EVIDENCIAM O LOCUTOR E O INTERLOCUTOR DE UM TEXTO.;2º MINITESTE - LP - 1ª SÉRIE EM - COMENTADO.pdf;8
Minitestes;2;1ª Série;Língua Portuguesa;12;D20;D19;D19;RECONHECER O EFEITO DE SENTIDO DECORRENTE DA EXPLORAÇÃO DE RECURSOS ORTOGRÁFICOS E/OU MORFOSSINTÁTICOS.;2º MINITESTE - LP - 1ª SÉRIE EM - COMENTADO.pdf;9
Minitestes;2;1ª Série;Matemática;2;D15 EF;D21 EF;D21;RECONHECER AS DIFERENTES REPRESENTAÇÕES DE UM NÚMERO RACIONAL.;2º MINITESTE - MAT - 1ª SERIE EM - COMENTADO.pdf;1
Minitestes;2;1ª Série;Matemática;5;D15 EF;D26 EF;D26;RESOLVER PROBLEMA COM NÚMEROS RACIONAIS ENVOLVENDO AS OPERAÇÕES.;2º MINITESTE - MAT - 1ª SERIE EM - COMENTADO.pdf;3
Minitestes;2;1ª Série;Matemática;6;D15 EF;D17 EF;D17;IDENTIFICAR A LOCALIZAÇÃO DE NÚMEROS RACIONAIS NA RETA NUMÉRICA.;2º MINITESTE - MAT - 1ª SERIE EM - COMENTADO.pdf;3
Minitestes;2;1ª Série;Matemática;8;D15 EF;D26 EF;D26;RESOLVER PROBLEMA COM NÚMEROS RACIONAIS ENVOLVENDO AS OPERAÇÕES.;2º MINITESTE - MAT - 1ª SERIE EM - COMENTADO.pdf;4
Minitestes;2;1ª Série;Matemática;9;D17 EF;D15 EF;D15;RESOLVER PROBLEMA UTILIZANDO RELAÇÕES ENTRE DIFERENTES UNIDADES DE MEDIDA.;2º MINITESTE - MAT - 1ª SERIE EM - COMENTADO.pdf;5
Minitestes;2;1ª Série;Matemática;10;D21 EF;D15 EF;D15;RESOLVER PROBLEMA UTILIZANDO RELAÇÕES ENTRE DIFERENTES UNIDADES DE MEDIDA.;2º MINITESTE - MAT - 1ª SERIE EM - COMENTADO.pdf;5
Minitestes;2;1ª Série;Matemática;11;D26 EF;D15 EF;D15;RESOLVER PROBLEMA UTILIZANDO RELAÇÕES ENTRE DIFERENTES UNIDADES DE MEDIDA.;2º MINITESTE - MAT - 1ª SERIE EM - COMENTADO.pdf;5
Minitestes;2;1ª Série;Matemática;12;D26 EF;D15 EF;D15;RESOLVER PROBLEMA UTILIZANDO RELAÇÕES ENTRE DIFERENTES UNIDADES DE MEDIDA.;2º MINITESTE - MAT - 1ª SERIE EM - COMENTADO.pdf;6
Minitestes;2;2ª Série;Língua Portuguesa;2;D10;D14;D14;DISTINGUIR UM FATO DA OPINIÃO RELATIVA A ESSE FATO.;2º MINITESTE - LP - 2ª SÉRIE EM - COMENTADO.pdf;2
Minitestes;2;2ª Série;Língua Portuguesa;4;D14;D18;D18;RECONHECER O EFEITO DE SENTIDO DECORRENTE DA ESCOLHA DE UMA DETERMINADA PALAVRA OU EXPRESSÃO.;2º MINITESTE - LP - 2ª SÉRIE EM - COMENTADO.pdf;3
Minitestes;2;2ª Série;Língua Portuguesa;5;D14;D20;D20;RECONHECER DIFERENTES FORMAS DE TRATAR UMA INFORMAÇÃO NA COMPARAÇÃO DE TEXTOS.;2º MINITESTE - LP - 2ª SÉRIE EM - COMENTADO.pdf;5
Minitestes;2;2ª Série;Língua Portuguesa;7;D18;D14;D14;DISTINGUIR UM FATO DA OPINIÃO RELATIVA A ESSE FATO.;2º MINITESTE - LP - 2ª SÉRIE EM - COMENTADO.pdf;6
Minitestes;2;2ª Série;Língua Portuguesa;8;D18;D20;D20;RECONHECER DIFERENTES FORMAS DE TRATAR UMA INFORMAÇÃO NA COMPARAÇÃO DE TEXTOS.;2º MINITESTE - LP - 2ª SÉRIE EM - COMENTADO.pdf;7
Minitestes;2;2ª Série;Língua Portuguesa;9;D18;D20;D20;RECONHECER DIFERENTES FORMAS DE TRATAR UMA INFORMAÇÃO NA COMPARAÇÃO DE TEXTOS.;2º MINITESTE - LP - 2ª SÉRIE EM - COMENTADO.pdf;8
Minitestes;2;2ª Série;Língua Portuguesa;10;D20;D18;D18;RECONHECER O EFEITO DE SENTIDO DECORRENTE DA ESCOLHA DE UMA DETERMINADA PALAVRA OU EXPRESSÃO.;2º MINITESTE - LP - 2ª SÉRIE EM - COMENTADO.pdf;8
Minitestes;2;2ª Série;Língua Portuguesa;11;D20;D14;D14;DISTINGUIR UM FATO DA OPINIÃO RELATIVA A ESSE FATO.;2º MINITESTE - LP - 2ª SÉRIE EM - COMENTADO.pdf;9
Minitestes;2;2ª Série;Língua Portuguesa;12;D20;D10;D10;IDENTIFICAR O CONFLITO GERADOR DO ENREDO E OS ELEMENTOS QUE CONSTROEM A NARRATIVA;2º MINITESTE - LP - 2ª SÉRIE EM - COMENTADO.pdf;10
Minitestes;2;2ª Série;Matemática;1;D17 EF;D22 EF;D22;IDENTIFICAR FRAÇÃO COMO REPRESENTAÇÃO QUE PODE ESTAR ASSOCIADA A DIFERENTES SIGNIFICADOS.;2º MINITESTE - MAT - 2ª SERIE EM - COMENTADO.pdf;1
Minitestes;2;2ª Série;Matemática;2;D17 EF;D22 EF;D22;IDENTIFICAR FRAÇÃO COMO REPRESENTAÇÃO QUE PODE ESTAR ASSOCIADA A DIFERENTES SIGNIFICADOS.;2º MINITESTE - MAT - 2ª SERIE EM - COMENTADO.pdf;1
Minitestes;2;2ª Série;Matemática;4;D22 EF;D28 EF;D28;RESOLVER PROBLEMA QUE ENVOLVA PORCENTAGEM.;2º MINITESTE - MAT - 2ª SERIE EM - COMENTADO.pdf;3
Minitestes;2;2ª Série;Matemática;8;D28 EF;D17 EF;D17;IDENTIFICAR A LOCALIZAÇÃO DE NÚMEROS RACIONAIS NA RETA NUMÉRICA.;2º MINITESTE - MAT - 2ª SERIE EM - COMENTADO.pdf;5
Minitestes;2;2ª Série;Matemática;9;D28 EF;D29 EF;D29;RESOLVER PROBLEMA QUE ENVOLVA VARIAÇÕES PROPORCIONAIS, DIRETAS OU INVERSAS ENTRE GRANDEZAS.;2º MINITESTE - MAT - 2ª SERIE EM - COMENTADO.pdf;6
Minitestes;2;3ª Série;Língua Portuguesa;1;D02;D10;D10;IDENTIFICAR O CONFLITO GERADOR DO ENREDO E OS ELEMENTOS QUE CONSTROEM A NARRATIVA;2º MINITESTE - LP - 3ª SÉRIE EM - COMENTADO.pdf;1
Minitestes;2;3ª Série;Língua Portuguesa;2;D02;D16;D16;IDENTIFICAR EFEITOS DE IRONIA OU HUMOR EM TEXTOS VARIADOS.;2º MINITESTE - LP - 3ª SÉRIE EM - COMENTADO.pdf;2
Minitestes;2;3ª Série;Língua Portuguesa;3;D03;D13;D13;IDENTIFICAR AS MARCAS LINGUÍSTICAS QUE EVIDENCIAM O LOCUTOR E O INTERLOCUTOR DE UM TEXTO.;2º MINITESTE - LP - 3ª SÉRIE EM - COMENTADO.pdf;2
Minitestes;2;3ª Série;Língua Portuguesa;4;D03;D02;D02;ESTABELECER RELAÇÕES ENTRE PARTES DE UM TEXTO, IDENTIFICANDO REPETIÇÕES OU SUBSTITUIÇÕES.;2º MINITESTE - LP - 3ª SÉRIE EM - COMENTADO.pdf;3
Minitestes;2;3ª Série;Língua Portuguesa;5;D10;D03;D03;INFERIR O SENTIDO DE UMA PALAVRA OU EXPRESSÃO.;2º MINITESTE - LP - 3ª SÉRIE EM - COMENTADO.pdf;3
Minitestes;2;3ª Série;Língua Portuguesa;6;D10;D18;D18;RECONHECER O EFEITO DE SENTIDO DECORRENTE DA ESCOLHA DE UMA DETERMINADA PALAVRA OU EXPRESSÃO.;2º MINITESTE - LP - 3ª SÉRIE EM - COMENTADO.pdf;4
Minitestes;2;3ª Série;Língua Portuguesa;7;D13;D10;D10;IDENTIFICAR O CONFLITO GERADOR DO ENREDO E OS ELEMENTOS QUE CONSTROEM A NARRATIVA;2º MINITESTE - LP - 3ª SÉRIE EM - COMENTADO.pdf;5
Minitestes;2;3ª Série;Língua Portuguesa;8;D13;D16;D16;IDENTIFICAR EFEITOS DE IRONIA OU HUMOR EM TEXTOS VARIADOS.;2º MINITESTE - LP - 3ª SÉRIE EM - COMENTADO.pdf;5
Minitestes;2;3ª Série;Língua Portuguesa;9;D16;D02;D02;ESTABELECER RELAÇÕES ENTRE PARTES DE UM TEXTO, IDENTIFICANDO REPETIÇÕES OU SUBSTITUIÇÕES.;2º MINITESTE - LP - 3ª SÉRIE EM - COMENTADO.pdf;6
Minitestes;2;3ª Série;Língua Portuguesa;10;D16;D03;D03;INFERIR O SENTIDO DE UMA PALAVRA OU EXPRESSÃO.;2º MINITESTE - LP - 3ª SÉRIE EM - COMENTADO.pdf;7
Minitestes;2;3ª Série;Língua Portuguesa;11;D18;D13;D13;IDENTIFICAR AS MARCAS LINGUÍSTICAS QUE EVIDENCIAM O LOCUTOR E O INTERLOCUTOR DE UM TEXTO.;2º MINITESTE - LP - 3ª SÉRIE EM - COMENTADO.pdf;7
Minitestes;3;9º Ano;Língua Portuguesa;1;D12;D08;D08;ESTABELECER RELAÇÃO ENTRE A TESE E OS ARGUMENTOS OFERECIDOS PARA SUSTENTÁ-LA.;3º MINITESTE LP - 9º ANO EF - COMENTADO.pdf;1
Minitestes;3;9º Ano;Língua Portuguesa;4;D14;D07;D07;IDENTIFICAR A TESE DE UM TEXTO.;3º MINITESTE LP - 9º ANO EF - COMENTADO.pdf;3
Minitestes;3;9º Ano;Língua Portuguesa;5;D21;D08;D08;ESTABELECER RELAÇÃO ENTRE A TESE E OS ARGUMENTOS OFERECIDOS PARA SUSTENTÁ-LA.;3º MINITESTE LP - 9º ANO EF - COMENTADO.pdf;3
Minitestes;3;9º Ano;Língua Portuguesa;6;D21;D14;D14;DISTINGUIR UM FATO DA OPINIÃO RELATIVA A ESSE FATO.;3º MINITESTE LP - 9º ANO EF - COMENTADO.pdf;3
Minitestes;3;9º Ano;Língua Portuguesa;8;D5;D21;D21;RECONHECER POSIÇÕES DISTINTAS ENTRE DUAS OU MAIS OPINIÕES RELATIVAS AO MESMO FATO OU TEMA.;3º MINITESTE LP - 9º ANO EF - COMENTADO.pdf;5
Minitestes;3;9º Ano;Língua Portuguesa;9;D7;D05;D05;INTERPRETAR TEXTO COM AUXÍLIO DE MATERIAL GRÁFICO DIVERSO.;3º MINITESTE LP - 9º ANO EF - COMENTADO.pdf;5
Minitestes;3;9º Ano;Língua Portuguesa;10;D7;D12;D12;IDENTIFICAR A FINALIDADE DE TEXTOS DE DIFERENTES GÊNEROS.;3º MINITESTE LP - 9º ANO EF - COMENTADO.pdf;6
Minitestes;3;9º Ano;Língua Portuguesa;11;D8;D12;D12;IDENTIFICAR A FINALIDADE DE TEXTOS DE DIFERENTES GÊNEROS.;3º MINITESTE LP - 9º ANO EF - COMENTADO.pdf;6
Minitestes;3;9º Ano;Língua Portuguesa;12;D8;D21;D21;RECONHECER POSIÇÕES DISTINTAS ENTRE DUAS OU MAIS OPINIÕES RELATIVAS AO MESMO FATO OU TEMA.;3º MINITESTE LP - 9º ANO EF - COMENTADO.pdf;7
Minitestes;3;9º Ano;Matemática;1;D07 EF;D21 EF;D21;RECONHECER AS DIFERENTES REPRESENTAÇÕES DE UM NÚMERO RACIONAL.;3º MINITESTE MAT - 9º ANO EF - COMENTADO.pdf;1
Minitestes;3;9º Ano;Matemática;2;D07 EF;D30 EF;D30;CALCULAR O VALOR NUMÉRICO DE UMA EXPRESSÃO ALGÉBRICA.;3º MINITESTE MAT - 9º ANO EF - COMENTADO.pdf;2
Minitestes;3;9º Ano;Matemática;3;D21 EF;D29 EF;D29;RESOLVER PROBLEMA QUE ENVOLVA VARIAÇÕES PROPORCIONAIS, DIRETAS OU INVERSAS ENTRE GRANDEZAS.;3º MINITESTE MAT - 9º ANO EF - COMENTADO.pdf;3
Minitestes;3;9º Ano;Matemática;4;D22 EF;D27 EF;D27;EFETUAR CÁLCULOS SIMPLES COM VALORES APROXIMADOS DE RADICAIS.;3º MINITESTE MAT - 9º ANO EF - COMENTADO.pdf;4
Minitestes;3;9º Ano;Matemática;5;D22 EF;D21 EF;D21;RECONHECER AS DIFERENTES REPRESENTAÇÕES DE UM NÚMERO RACIONAL.;3º MINITESTE MAT - 9º ANO EF - COMENTADO.pdf;5
Minitestes;3;9º Ano;Matemática;6;D27 EF;D30 EF;D30;CALCULAR O VALOR NUMÉRICO DE UMA EXPRESSÃO ALGÉBRICA.;3º MINITESTE MAT - 9º ANO EF - COMENTADO.pdf;6
Minitestes;3;9º Ano;Matemática;7;D27 EF;D29 EF;D29;RESOLVER PROBLEMA QUE ENVOLVA VARIAÇÕES PROPORCIONAIS, DIRETAS OU INVERSAS ENTRE GRANDEZAS.;3º MINITESTE MAT - 9º ANO EF - COMENTADO.pdf;7
Minitestes;3;9º Ano;Matemática;8;D29 EF;D27 EF;D27;EFETUAR CÁLCULOS SIMPLES COM VALORES APROXIMADOS DE RADICAIS.;3º MINITESTE MAT - 9º ANO EF - COMENTADO.pdf;8
Minitestes;3;9º Ano;Matemática;9;D29 EF;D07 EF;D07;RECONHECER QUE AS IMAGENS DE UMA FIGURA CONSTRUÍDA POR UMA TRANSFORMAÇÃO HOMOTÉTICA SÃO SEMELHANTES, IDENTIFICANDO PROPRIEDADES E/OU MEDIDAS QUE SE MODIFICAM OU NÃO SE ALTERAM.;3º MINITESTE MAT - 9º ANO EF - COMENTADO.pdf;9
Minitestes;3;9º Ano;Matemática;11;D30 EF;D21 EF;D21;RECONHECER AS DIFERENTES REPRESENTAÇÕES DE UM NÚMERO RACIONAL.;3º MINITESTE MAT - 9º ANO EF - COMENTADO.pdf;11
Minitestes;3;9º Ano;Matemática;12;D30 EF;D07 EF;D07;RECONHECER QUE AS IMAGENS DE UMA FIGURA CONSTRUÍDA POR UMA TRANSFORMAÇÃO HOMOTÉTICA SÃO SEMELHANTES, IDENTIFICANDO PROPRIEDADES E/OU MEDIDAS QUE SE MODIFICAM OU NÃO SE ALTERAM.;3º MINITESTE MAT - 9º ANO EF - COMENTADO.pdf;12
Minitestes;3;1ª Série;Língua Portuguesa;1;D11;D07;D07;IDENTIFICAR A TESE DE UM TEXTO.;3º MINITESTE LP - 1ª SÉRIE EM - COMENTADO_.pdf;1
Minitestes;3;1ª Série;Língua Portuguesa;2;D11;D08;D08;ESTABELECER RELAÇÃO ENTRE A TESE E OS ARGUMENTOS OFERECIDOS PARA SUSTENTÁ-LA.;3º MINITESTE LP - 1ª SÉRIE EM - COMENTADO_.pdf;2
Minitestes;3;1ª Série;Língua Portuguesa;3;D13;D02;D02;ESTABELECER RELAÇÕES ENTRE PARTES DE UM TEXTO, IDENTIFICANDO REPETIÇÕES OU SUBSTITUIÇÕES.;3º MINITESTE LP - 1ª SÉRIE EM - COMENTADO_.pdf;3
Minitestes;3;1ª Série;Língua Portuguesa;4;D13;D11;D11;ESTABELECER RELAÇÃO CAUSA/CONSEQUÊNCIA ENTRE PARTES E ELEMENTOS DO TEXTO.;3º MINITESTE LP - 1ª SÉRIE EM - COMENTADO_.pdf;4
Minitestes;3;1ª Série;Língua Portuguesa;7;D2;D07;D07;IDENTIFICAR A TESE DE UM TEXTO.;3º MINITESTE LP - 1ª SÉRIE EM - COMENTADO_.pdf;6
Minitestes;3;1ª Série;Língua Portuguesa;8;D2;D08;D08;ESTABELECER RELAÇÃO ENTRE A TESE E OS ARGUMENTOS OFERECIDOS PARA SUSTENTÁ-LA.;3º MINITESTE LP - 1ª SÉRIE EM - COMENTADO_.pdf;7
Minitestes;3;1ª Série;Língua Portuguesa;9;D7;D02;D02;ESTABELECER RELAÇÕES ENTRE PARTES DE UM TEXTO, IDENTIFICANDO REPETIÇÕES OU SUBSTITUIÇÕES.;3º MINITESTE LP - 1ª SÉRIE EM - COMENTADO_.pdf;8
Minitestes;3;1ª Série;Língua Portuguesa;10;D7;D11;D11;ESTABELECER RELAÇÃO CAUSA/CONSEQUÊNCIA ENTRE PARTES E ELEMENTOS DO TEXTO.;3º MINITESTE LP - 1ª SÉRIE EM - COMENTADO_.pdf;9
Minitestes;3;1ª Série;Língua Portuguesa;11;D8;D18;D18;RECONHECER O EFEITO DE SENTIDO DECORRENTE DA ESCOLHA DE UMA DETERMINADA PALAVRA OU EXPRESSÃO.;3º MINITESTE LP - 1ª SÉRIE EM - COMENTADO_.pdf;10
Minitestes;3;1ª Série;Língua Portuguesa;12;D8;D13;D13;IDENTIFICAR AS MARCAS LINGUÍSTICAS QUE EVIDENCIAM O LOCUTOR E O INTERLOCUTOR DE UM TEXTO.;3º MINITESTE LP - 1ª SÉRIE EM - COMENTADO_.pdf;10
Minitestes;3;1ª Série;Matemática;1;D15;D30 EF;D30;CALCULAR O VALOR NUMÉRICO DE UMA EXPRESSÃO ALGÉBRICA.;3º MINITESTE MAT - 1ª SERIE EM - COMENTADO.pdf;1
Minitestes;3;1ª Série;Matemática;2;D15;D26 EF;D26;RESOLVER PROBLEMA COM NÚMEROS RACIONAIS ENVOLVENDO AS OPERAÇÕES.;3º MINITESTE MAT - 1ª SERIE EM - COMENTADO.pdf;2
Minitestes;3;1ª Série;Matemática;3;D25;D15 EF;D15;RESOLVER PROBLEMA UTILIZANDO RELAÇÕES ENTRE DIFERENTES UNIDADES DE MEDIDA.;3º MINITESTE MAT - 1ª SERIE EM - COMENTADO.pdf;3
Minitestes;3;1ª Série;Matemática;4;D25;D32 EF;D32;IDENTIFICAR A EXPRESSÃO ALGÉBRICA QUE EXPRESSA UMA REGULARIDADE OBSERVADA EM SEQUÊNCIAS DE NÚMEROS OU;3º MINITESTE MAT - 1ª SERIE EM - COMENTADO.pdf;4
Minitestes;3;1ª Série;Matemática;5;D26;D25 EF;D25;EFETUAR CÁLCULOS QUE ENVOLVAM OPERAÇÕES COM NÚMEROS RACIONAIS.;3º MINITESTE MAT - 1ª SERIE EM - COMENTADO.pdf;5
Minitestes;3;1ª Série;Matemática;6;D26;D30 EF;D30;CALCULAR O VALOR NUMÉRICO DE UMA EXPRESSÃO ALGÉBRICA.;3º MINITESTE MAT - 1ª SERIE EM - COMENTADO.pdf;5
Minitestes;3;1ª Série;Matemática;7;D30;D15 EF;D15;RESOLVER PROBLEMA UTILIZANDO RELAÇÕES ENTRE DIFERENTES UNIDADES DE MEDIDA.;3º MINITESTE MAT - 1ª SERIE EM - COMENTADO.pdf;6
Minitestes;3;1ª Série;Matemática;8;D30;D26 EF;D26;RESOLVER PROBLEMA COM NÚMEROS RACIONAIS ENVOLVENDO AS OPERAÇÕES.;3º MINITESTE MAT - 1ª SERIE EM - COMENTADO.pdf;7
Minitestes;3;1ª Série;Matemática;9;D30;D32 EF;D32;IDENTIFICAR A EXPRESSÃO ALGÉBRICA QUE EXPRESSA UMA REGULARIDADE OBSERVADA EM SEQUÊNCIAS DE NÚMEROS OU;3º MINITESTE MAT - 1ª SERIE EM - COMENTADO.pdf;8
Minitestes;3;1ª Série;Matemática;10;D32;D25 EF;D25;EFETUAR CÁLCULOS QUE ENVOLVAM OPERAÇÕES COM NÚMEROS RACIONAIS.;3º MINITESTE MAT - 1ª SERIE EM - COMENTADO.pdf;9
Minitestes;3;1ª Série;Matemática;11;D32;D30 EF;D30;CALCULAR O VALOR NUMÉRICO DE UMA EXPRESSÃO ALGÉBRICA.;3º MINITESTE MAT - 1ª SERIE EM - COMENTADO.pdf;10
Minitestes;3;2ª Série;Língua Portuguesa;1;D17;D04;D04;INFERIR UMA INFORMAÇÃO IMPLÍCITA EM UM TEXTO.;3º MINITESTE LP - 2ª SÉRIE EM - COMENTADO.pdf;1
Minitestes;3;2ª Série;Língua Portuguesa;2;D17;D18;D18;RECONHECER O EFEITO DE SENTIDO DECORRENTE DA ESCOLHA DE UMA DETERMINADA PALAVRA OU EXPRESSÃO.;3º MINITESTE LP - 2ª SÉRIE EM - COMENTADO.pdf;2
Minitestes;3;2ª Série;Língua Portuguesa;3;D17;D19;D19;RECONHECER O EFEITO DE SENTIDO DECORRENTE DA EXPLORAÇÃO DE RECURSOS ORTOGRÁFICOS E/OU MORFOSSINTÁTICOS.;3º MINITESTE LP - 2ª SÉRIE EM - COMENTADO.pdf;3
Minitestes;3;2ª Série;Língua Portuguesa;4;D18;D17;D17;RECONHECER O EFEITO DE SENTIDO DECORRENTE DO USO DA PONTUAÇÃO E DA OUTRAS NOTAÇÕES.;3º MINITESTE LP - 2ª SÉRIE EM - COMENTADO.pdf;4
Minitestes;3;2ª Série;Língua Portuguesa;5;D18;D04;D04;INFERIR UMA INFORMAÇÃO IMPLÍCITA EM UM TEXTO.;3º MINITESTE LP - 2ª SÉRIE EM - COMENTADO.pdf;5
Minitestes;3;2ª Série;Língua Portuguesa;6;D18;D17;D17;RECONHECER O EFEITO DE SENTIDO DECORRENTE DO USO DA PONTUAÇÃO E DA OUTRAS NOTAÇÕES.;3º MINITESTE LP - 2ª SÉRIE EM - COMENTADO.pdf;6
Minitestes;3;2ª Série;Língua Portuguesa;7;D19;D18;D18;RECONHECER O EFEITO DE SENTIDO DECORRENTE DA ESCOLHA DE UMA DETERMINADA PALAVRA OU EXPRESSÃO.;3º MINITESTE LP - 2ª SÉRIE EM - COMENTADO.pdf;6
Minitestes;3;2ª Série;Língua Portuguesa;9;D19;D04;D04;INFERIR UMA INFORMAÇÃO IMPLÍCITA EM UM TEXTO.;3º MINITESTE LP - 2ª SÉRIE EM - COMENTADO.pdf;9
Minitestes;3;2ª Série;Língua Portuguesa;10;D4;D17;D17;RECONHECER O EFEITO DE SENTIDO DECORRENTE DO USO DA PONTUAÇÃO E DA OUTRAS NOTAÇÕES.;3º MINITESTE LP - 2ª SÉRIE EM - COMENTADO.pdf;9
Minitestes;3;2ª Série;Língua Portuguesa;11;D4;D18;D18;RECONHECER O EFEITO DE SENTIDO DECORRENTE DA ESCOLHA DE UMA DETERMINADA PALAVRA OU EXPRESSÃO.;3º MINITESTE LP - 2ª SÉRIE EM - COMENTADO.pdf;10
Minitestes;3;2ª Série;Língua Portuguesa;12;D4;D19;D19;RECONHECER O EFEITO DE SENTIDO DECORRENTE DA EXPLORAÇÃO DE RECURSOS ORTOGRÁFICOS E/OU MORFOSSINTÁTICOS.;3º MINITESTE LP - 2ª SÉRIE EM - COMENTADO.pdf;11
Minitestes;3;3ª Série;Língua Portuguesa;3;D08;D18;D18;RECONHECER O EFEITO DE SENTIDO DECORRENTE DA ESCOLHA DE UMA DETERMINADA PALAVRA OU EXPRESSÃO.;3º MINITESTE LP - 3ª SÉRIE EM - COMENTADO.pdf;2
Minitestes;3;3ª Série;Língua Portuguesa;7;D17;D08;D08;ESTABELECER RELAÇÃO ENTRE A TESE E OS ARGUMENTOS OFERECIDOS PARA SUSTENTÁ-LA.;3º MINITESTE LP - 3ª SÉRIE EM - COMENTADO.pdf;5
Minitestes;3;3ª Série;Língua Portuguesa;11;D19;D13;D13;IDENTIFICAR AS MARCAS LINGUÍSTICAS QUE EVIDENCIAM O LOCUTOR E O INTERLOCUTOR DE UM TEXTO.;3º MINITESTE LP - 3ª SÉRIE EM - COMENTADO.pdf;8
Minitestes;4;9º Ano;Língua Portuguesa;1;D01;D10;D10;IDENTIFICAR O CONFLITO GERADOR DO ENREDO E OS ELEMENTOS QUE CONSTROEM A NARRATIVA;4º MINITESTE - LP - 9º ANO EF - COMENTADO (1).pdf;2
Minitestes;4;9º Ano;Língua Portuguesa;2;D01;D12;D12;IDENTIFICAR A FINALIDADE DE TEXTOS DE DIFERENTES GÊNEROS.;4º MINITESTE - LP - 9º ANO EF - COMENTADO (1).pdf;2
Minitestes;4;9º Ano;Língua Portuguesa;3;D03;D13;D13;IDENTIFICAR AS MARCAS LINGUÍSTICAS QUE EVIDENCIAM O LOCUTOR E O INTERLOCUTOR DE UM TEXTO.;4º MINITESTE - LP - 9º ANO EF - COMENTADO (1).pdf;2
Minitestes;4;9º Ano;Língua Portuguesa;4;D03;D01;D01;LOCALIZAR INFORMAÇÕES EXPLÍCITAS EM UM TEXTO.;4º MINITESTE - LP - 9º ANO EF - COMENTADO (1).pdf;3
Minitestes;4;9º Ano;Língua Portuguesa;5;D10;D13;D13;IDENTIFICAR AS MARCAS LINGUÍSTICAS QUE EVIDENCIAM O LOCUTOR E O INTERLOCUTOR DE UM TEXTO.;4º MINITESTE - LP - 9º ANO EF - COMENTADO (1).pdf;4
Minitestes;4;9º Ano;Língua Portuguesa;6;D10;D18;D18;RECONHECER O EFEITO DE SENTIDO DECORRENTE DA ESCOLHA DE UMA DETERMINADA PALAVRA OU EXPRESSÃO.;4º MINITESTE - LP - 9º ANO EF - COMENTADO (1).pdf;5
Minitestes;4;9º Ano;Língua Portuguesa;7;D12;D01;D01;LOCALIZAR INFORMAÇÕES EXPLÍCITAS EM UM TEXTO.;4º MINITESTE - LP - 9º ANO EF - COMENTADO (1).pdf;5
Minitestes;4;9º Ano;Língua Portuguesa;9;D13;D18;D18;RECONHECER O EFEITO DE SENTIDO DECORRENTE DA ESCOLHA DE UMA DETERMINADA PALAVRA OU EXPRESSÃO.;4º MINITESTE - LP - 9º ANO EF - COMENTADO (1).pdf;6
Minitestes;4;9º Ano;Língua Portuguesa;10;D13;D03;D03;INFERIR O SENTIDO DE UMA PALAVRA OU EXPRESSÃO.;4º MINITESTE - LP - 9º ANO EF - COMENTADO (1).pdf;8
Minitestes;4;9º Ano;Língua Portuguesa;11;D18;D10;D10;IDENTIFICAR O CONFLITO GERADOR DO ENREDO E OS ELEMENTOS QUE CONSTROEM A NARRATIVA;4º MINITESTE - LP - 9º ANO EF - COMENTADO (1).pdf;8
Minitestes;4;9º Ano;Língua Portuguesa;12;D18;D12;D12;IDENTIFICAR A FINALIDADE DE TEXTOS DE DIFERENTES GÊNEROS.;4º MINITESTE - LP - 9º ANO EF - COMENTADO (1).pdf;8
Minitestes;4;9º Ano;Matemática;2;D22 EF;D25 EF;D25;EFETUAR CÁLCULOS QUE ENVOLVAM OPERAÇÕES COM NÚMEROS RACIONAIS.;4º Miniteste - Matemática - 9º Ano - Chave de Correção Comentada.pdf;1
Minitestes;4;9º Ano;Matemática;3;D22 EF;D31 EF;D31;RESOLVER PROBLEMA QUE ENVOLVA EQUAÇÃO DE 2° GRAU.;4º Miniteste - Matemática - 9º Ano - Chave de Correção Comentada.pdf;2
Minitestes;4;9º Ano;Matemática;4;D25 EF;D26 EF;D26;RESOLVER PROBLEMA COM NÚMEROS RACIONAIS ENVOLVENDO AS OPERAÇÕES.;4º Miniteste - Matemática - 9º Ano - Chave de Correção Comentada.pdf;2
Minitestes;4;9º Ano;Matemática;5;D25 EF;D22 EF;D22;IDENTIFICAR FRAÇÃO COMO REPRESENTAÇÃO QUE PODE ESTAR ASSOCIADA A DIFERENTES SIGNIFICADOS.;4º Miniteste - Matemática - 9º Ano - Chave de Correção Comentada.pdf;3
Minitestes;4;9º Ano;Matemática;7;D26 EF;D31 EF;D31;RESOLVER PROBLEMA QUE ENVOLVA EQUAÇÃO DE 2° GRAU.;4º Miniteste - Matemática - 9º Ano - Chave de Correção Comentada.pdf;4
Minitestes;4;9º Ano;Matemática;9;D26 EF;D22 EF;D22;IDENTIFICAR FRAÇÃO COMO REPRESENTAÇÃO QUE PODE ESTAR ASSOCIADA A DIFERENTES SIGNIFICADOS.;4º Miniteste - Matemática - 9º Ano - Chave de Correção Comentada.pdf;5
Minitestes;4;9º Ano;Matemática;10;D31 EF;D25 EF;D25;EFETUAR CÁLCULOS QUE ENVOLVAM OPERAÇÕES COM NÚMEROS RACIONAIS.;4º Miniteste - Matemática - 9º Ano - Chave de Correção Comentada.pdf;5
Minitestes;4;9º Ano;Matemática;11;D31 EF;D26 EF;D26;RESOLVER PROBLEMA COM NÚMEROS RACIONAIS ENVOLVENDO AS OPERAÇÕES.;4º Miniteste - Matemática - 9º Ano - Chave de Correção Comentada.pdf;6
Minitestes;4;1ª Série;Língua Portuguesa;1;D03;D13;D13;IDENTIFICAR AS MARCAS LINGUÍSTICAS QUE EVIDENCIAM O LOCUTOR E O INTERLOCUTOR DE UM TEXTO.;4º MINITESTE LP - 1ª SÉRIE EM - COMENTADO.pdf;1
Minitestes;4;1ª Série;Língua Portuguesa;3;D13;D19;D19;RECONHECER O EFEITO DE SENTIDO DECORRENTE DA EXPLORAÇÃO DE RECURSOS ORTOGRÁFICOS E/OU MORFOSSINTÁTICOS.;4º MINITESTE LP - 1ª SÉRIE EM - COMENTADO.pdf;3
Minitestes;4;1ª Série;Língua Portuguesa;4;D13;D20;D20;RECONHECER DIFERENTES FORMAS DE TRATAR UMA INFORMAÇÃO NA COMPARAÇÃO DE TEXTOS.;4º MINITESTE LP - 1ª SÉRIE EM - COMENTADO.pdf;4
Minitestes;4;1ª Série;Língua Portuguesa;5;D14;D18;D18;RECONHECER O EFEITO DE SENTIDO DECORRENTE DA ESCOLHA DE UMA DETERMINADA PALAVRA OU EXPRESSÃO.;4º MINITESTE LP - 1ª SÉRIE EM - COMENTADO.pdf;5
Minitestes;4;1ª Série;Língua Portuguesa;6;D18;D03;D03;INFERIR O SENTIDO DE UMA PALAVRA OU EXPRESSÃO.;4º MINITESTE LP - 1ª SÉRIE EM - COMENTADO.pdf;5
Minitestes;4;1ª Série;Língua Portuguesa;7;D18;D13;D13;IDENTIFICAR AS MARCAS LINGUÍSTICAS QUE EVIDENCIAM O LOCUTOR E O INTERLOCUTOR DE UM TEXTO.;4º MINITESTE LP - 1ª SÉRIE EM - COMENTADO.pdf;6
Minitestes;4;1ª Série;Língua Portuguesa;8;D18;D14;D14;DISTINGUIR UM FATO DA OPINIÃO RELATIVA A ESSE FATO.;4º MINITESTE LP - 1ª SÉRIE EM - COMENTADO.pdf;7
Minitestes;4;1ª Série;Língua Portuguesa;9;D19;D03;D03;INFERIR O SENTIDO DE UMA PALAVRA OU EXPRESSÃO.;4º MINITESTE LP - 1ª SÉRIE EM - COMENTADO.pdf;7
Minitestes;4;1ª Série;Língua Portuguesa;10;D19;D18;D18;RECONHECER O EFEITO DE SENTIDO DECORRENTE DA ESCOLHA DE UMA DETERMINADA PALAVRA OU EXPRESSÃO.;4º MINITESTE LP - 1ª SÉRIE EM - COMENTADO.pdf;9
Minitestes;4;1ª Série;Língua Portuguesa;11;D20;D19;D19;RECONHECER O EFEITO DE SENTIDO DECORRENTE DA EXPLORAÇÃO DE RECURSOS ORTOGRÁFICOS E/OU MORFOSSINTÁTICOS.;4º MINITESTE LP - 1ª SÉRIE EM - COMENTADO.pdf;10
Minitestes;4;1ª Série;Matemática;2;D17 EF;D32 EF;D32;IDENTIFICAR A EXPRESSÃO ALGÉBRICA QUE EXPRESSA UMA REGULARIDADE OBSERVADA EM SEQUÊNCIAS DE NÚMEROS OU;4º Miniteste - Matemática - 1ª Série - Chave de Correção Comentada (1).pdf;2
Minitestes;4;1ª Série;Matemática;3;D17 EF;D30 EF;D30;CALCULAR O VALOR NUMÉRICO DE UMA EXPRESSÃO ALGÉBRICA.;4º Miniteste - Matemática - 1ª Série - Chave de Correção Comentada (1).pdf;3
Minitestes;4;1ª Série;Matemática;5;D30 EF;D33 EF;D33;IDENTIFICAR UMA EQUAÇÃO OU INEQUAÇÃO DO 1º GRAU QUE EXPRESSA UM PROBLEMA.;4º Miniteste - Matemática - 1ª Série - Chave de Correção Comentada (1).pdf;5
Minitestes;4;1ª Série;Matemática;6;D30 EF;D17 EF;D17;IDENTIFICAR A LOCALIZAÇÃO DE NÚMEROS RACIONAIS NA RETA NUMÉRICA.;4º Miniteste - Matemática - 1ª Série - Chave de Correção Comentada (1).pdf;6
Minitestes;4;1ª Série;Matemática;8;D32 EF;D30 EF;D30;CALCULAR O VALOR NUMÉRICO DE UMA EXPRESSÃO ALGÉBRICA.;4º Miniteste - Matemática - 1ª Série - Chave de Correção Comentada (1).pdf;8
Minitestes;4;1ª Série;Matemática;9;D32 EF;D33 EF;D33;IDENTIFICAR UMA EQUAÇÃO OU INEQUAÇÃO DO 1º GRAU QUE EXPRESSA UM PROBLEMA.;4º Miniteste - Matemática - 1ª Série - Chave de Correção Comentada (1).pdf;9
Minitestes;4;1ª Série;Matemática;10;D33 EF;D17 EF;D17;IDENTIFICAR A LOCALIZAÇÃO DE NÚMEROS RACIONAIS NA RETA NUMÉRICA.;4º Miniteste - Matemática - 1ª Série - Chave de Correção Comentada (1).pdf;10
Minitestes;4;1ª Série;Matemática;12;D33 EF;D32 EF;D32;IDENTIFICAR A EXPRESSÃO ALGÉBRICA QUE EXPRESSA UMA REGULARIDADE OBSERVADA EM SEQUÊNCIAS DE NÚMEROS OU;4º Miniteste - Matemática - 1ª Série - Chave de Correção Comentada (1).pdf;12
Minitestes;4;2ª Série;Língua Portuguesa;1;D09;D13;D13;IDENTIFICAR AS MARCAS LINGUÍSTICAS QUE EVIDENCIAM O LOCUTOR E O INTERLOCUTOR DE UM TEXTO.;4º MINITESTE - LP - 2ª SÉRIE EM - COMENTADO.pdf;1
Minitestes;4;2ª Série;Língua Portuguesa;2;D09;D21;D21;RECONHECER POSIÇÕES DISTINTAS ENTRE DUAS OU MAIS OPINIÕES RELATIVAS AO MESMO FATO OU TEMA.;4º MINITESTE - LP - 2ª SÉRIE EM - COMENTADO.pdf;2
Minitestes;4;2ª Série;Língua Portuguesa;4;D13;D14;D14;DISTINGUIR UM FATO DA OPINIÃO RELATIVA A ESSE FATO.;4º MINITESTE - LP - 2ª SÉRIE EM - COMENTADO.pdf;4
Minitestes;4;2ª Série;Língua Portuguesa;6;D13;D09;D09;DIFERENCIAR AS PARTES PRINCIPAIS DAS SECUNDÁRIAS EM UM TEXTO.;4º MINITESTE - LP - 2ª SÉRIE EM - COMENTADO.pdf;5
Minitestes;4;2ª Série;Língua Portuguesa;7;D14;D16;D16;IDENTIFICAR EFEITOS DE IRONIA OU HUMOR EM TEXTOS VARIADOS.;4º MINITESTE - LP - 2ª SÉRIE EM - COMENTADO.pdf;6
Minitestes;4;2ª Série;Língua Portuguesa;8;D14;D16;D16;IDENTIFICAR EFEITOS DE IRONIA OU HUMOR EM TEXTOS VARIADOS.;4º MINITESTE - LP - 2ª SÉRIE EM - COMENTADO.pdf;7
Minitestes;4;2ª Série;Língua Portuguesa;9;D16;D09;D09;DIFERENCIAR AS PARTES PRINCIPAIS DAS SECUNDÁRIAS EM UM TEXTO.;4º MINITESTE - LP - 2ª SÉRIE EM - COMENTADO.pdf;9
Minitestes;4;2ª Série;Língua Portuguesa;11;D21;D14;D14;DISTINGUIR UM FATO DA OPINIÃO RELATIVA A ESSE FATO.;4º MINITESTE - LP - 2ª SÉRIE EM - COMENTADO.pdf;10
Minitestes;4;3ª Série;Língua Portuguesa;1;D02;D14;D14;DISTINGUIR UM FATO DA OPINIÃO RELATIVA A ESSE FATO.;4º MINITESTE - LP - 3ª SÉRIE EM - COMENTADO.pdf;1
Minitestes;4;3ª Série;Língua Portuguesa;6;D11;D09;D09;DIFERENCIAR AS PARTES PRINCIPAIS DAS SECUNDÁRIAS EM UM TEXTO.;4º MINITESTE - LP - 3ª SÉRIE EM - COMENTADO.pdf;5
Minitestes;4;3ª Série;Língua Portuguesa;10;D14;D02;D02;ESTABELECER RELAÇÕES ENTRE PARTES DE UM TEXTO, IDENTIFICANDO REPETIÇÕES OU SUBSTITUIÇÕES.;4º MINITESTE - LP - 3ª SÉRIE EM - COMENTADO.pdf;9
Minitestes;4;3ª Série;Língua Portuguesa;12;D21;D11;D11;ESTABELECER RELAÇÃO CAUSA/CONSEQUÊNCIA ENTRE PARTES E ELEMENTOS DO TEXTO.;4º MINITESTE - LP - 3ª SÉRIE EM - COMENTADO.pdf;10
